Workbook

Sheet Como usar
A1: Resultados do teste de usabilidade · App de Cuidadores
A3: Células amarelas | B3: São as que você preenche. As brancas têm fórmulas e se calculam sozinhas.
A4: Participantes | B4: Uma linha por pessoa. IDs: F1–F4 para a família, CU1–CU3 para cuidadoras (para não confundir com as tarefas C1–C9). Respostas das perguntas do início do roteiro, incluindo as de internet e sinal.
A5: Internet | B5: As respostas sobre wi-fi, sinal e dados móveis alimentam o bloco "Conexão" no Resumo: quantas pessoas têm sinal fraco ou ficam sem dados. Ajuda a decidir a prioridade do modo sem internet.
A6: Tarefas família / cuidadoras | B6: Já vêm com uma linha por pessoa e tarefa. Preencha tempo, resultado, facilidade e o que observou. Se testar mais gente, copie as linhas e troque o ID.
A7: Tempo | B7: Minutos e segundos em colunas separadas. Na tarefa 9 (emergência), anote o tempo até tocar em ligar. Limite de 10 minutos por tarefa: passou disso, marque Não conseguiu.
A8: Ordem | B8: A ordem das tarefas muda a cada pessoa (a 1 da família e as C1 e C2 das cuidadoras ficam sempre no começo). Anote na última coluna das abas de tarefas em que posição cada uma foi feita.
A9: Resultado | B9: Escolha na lista: Sozinha, Com dica ou Não conseguiu.
A10: Problemas | B10: Junte aqui cada problema encontrado, uma linha por problema. A coluna Prioridade se calcula: problema do app visto por 2 ou mais pessoas = Corrigir primeiro.
A11: Final | B11: Respostas das perguntas do fim do roteiro e a nota de 0 a 10.
A12: Teste assíncrono | B12: As respostas do teste sem condutor entram sozinhas: importe esta planilha para a planilha de respostas do Formulário Google e use o menu Cantinho → Atualizar resultados (veja o LEIA-ME). Os IDs ficam FA1, FA2… (família) e CUA1, CUA2… (cuidadoras), e "Quem conduziu" mostra Assíncrono.
A13: Resumo | B13: Calcula sozinho: quantas pessoas fizeram cada tarefa, % que conseguiu sozinha, tempo médio, facilidade média e a nota de recomendação (NPS).
A14: Privacidade | B14: Não escreva dados de saúde reais das pessoas que participam. Use só os IDs nos relatórios.
A16: Exemplo de linha preenchida (aba Tarefas família)
A17: ID | B17: Tarefa | C17: Minutos | D17: Segundos | E17: Resultado | F17: Facilidade | G17: Onde travou ou tocou | H17: Palavras que usou | I17: Problema observado | J17: Tipo | K17: Gravidade
A18: F2 | B18: 7 | C18: 2 | D18: 40 | E18: Com dica | F18: 2 | G18: Procurou na aba Rede antes de tocar no "com você" | H18: "Trocar de turno" | I18: Não viu que o "com você" no topo é um botão | J18: App | K18: Alta

Sheet Resumo
A1: Resumo por tarefa
A2: Tudo aqui se calcula a partir das abas de tarefas e da aba Final. Não precisa preencher.
A4: Família
A5: Tarefa | B5: Nome | C5: Pessoas | D5: % sozinha | E5: % com dica | F5: % não conseguiu | G5: Tempo médio (s) | H5: Facilidade média
A6: 1 | B6: Comece a usar o app | C6: =COUNTIFS('Tarefas família'!$B$5:$B$804,A6,'Tarefas família'!$G$5:$G$804,"<>") | D6: =IF(C6=0,"-",COUNTIFS('Tarefas família'!$B$5:$B$804,A6,'Tarefas família'!$G$5:$G$804,"Sozinha")/C6) | E6: =IF(C6=0,"-",COUNTIFS('Tarefas família'!$B$5:$B$804,A6,'Tarefas família'!$G$5:$G$804,"Com dica")/C6) | F6: =IF(C6=0,"-",COUNTIFS('Tarefas família'!$B$5:$B$804,A6,'Tarefas família'!$G$5:$G$804,"Não conseguiu")/C6) | G6: =IF(COUNTIFS('Tarefas família'!$B$5:$B$804,A6,'Tarefas família'!$F$5:$F$804,">0")=0,"-",AVERAGEIFS('Tarefas família'!$F$5:$F$804,'Tarefas família'!$B$5:$B$804,A6,'Tarefas família'!$F$5:$F$804,">0")) | H6: =IF(COUNTIFS('Tarefas família'!$B$5:$B$804,A6,'Tarefas família'!$H$5:$H$804,">0")=0,"-",AVERAGEIFS('Tarefas família'!$H$5:$H$804,'Tarefas família'!$B$5:$B$804,A6,'Tarefas família'!$H$5:$H$804,">0"))
A7: 2 | B7: Um remédio novo | C7: =COUNTIFS('Tarefas família'!$B$5:$B$804,A7,'Tarefas família'!$G$5:$G$804,"<>") | D7: =IF(C7=0,"-",COUNTIFS('Tarefas família'!$B$5:$B$804,A7,'Tarefas família'!$G$5:$G$804,"Sozinha")/C7) | E7: =IF(C7=0,"-",COUNTIFS('Tarefas família'!$B$5:$B$804,A7,'Tarefas família'!$G$5:$G$804,"Com dica")/C7) | F7: =IF(C7=0,"-",COUNTIFS('Tarefas família'!$B$5:$B$804,A7,'Tarefas família'!$G$5:$G$804,"Não conseguiu")/C7) | G7: =IF(COUNTIFS('Tarefas família'!$B$5:$B$804,A7,'Tarefas família'!$F$5:$F$804,">0")=0,"-",AVERAGEIFS('Tarefas família'!$F$5:$F$804,'Tarefas família'!$B$5:$B$804,A7,'Tarefas família'!$F$5:$F$804,">0")) | H7: =IF(COUNTIFS('Tarefas família'!$B$5:$B$804,A7,'Tarefas família'!$H$5:$H$804,">0")=0,"-",AVERAGEIFS('Tarefas família'!$H$5:$H$804,'Tarefas família'!$B$5:$B$804,A7,'Tarefas família'!$H$5:$H$804,">0"))
A8: 3 | B8: Hora do almoço | C8: =COUNTIFS('Tarefas família'!$B$5:$B$804,A8,'Tarefas família'!$G$5:$G$804,"<>") | D8: =IF(C8=0,"-",COUNTIFS('Tarefas família'!$B$5:$B$804,A8,'Tarefas família'!$G$5:$G$804,"Sozinha")/C8) | E8: =IF(C8=0,"-",COUNTIFS('Tarefas família'!$B$5:$B$804,A8,'Tarefas família'!$G$5:$G$804,"Com dica")/C8) | F8: =IF(C8=0,"-",COUNTIFS('Tarefas família'!$B$5:$B$804,A8,'Tarefas família'!$G$5:$G$804,"Não conseguiu")/C8) | G8: =IF(COUNTIFS('Tarefas família'!$B$5:$B$804,A8,'Tarefas família'!$F$5:$F$804,">0")=0,"-",AVERAGEIFS('Tarefas família'!$F$5:$F$804,'Tarefas família'!$B$5:$B$804,A8,'Tarefas família'!$F$5:$F$804,">0")) | H8: =IF(COUNTIFS('Tarefas família'!$B$5:$B$804,A8,'Tarefas família'!$H$5:$H$804,">0")=0,"-",AVERAGEIFS('Tarefas família'!$H$5:$H$804,'Tarefas família'!$B$5:$B$804,A8,'Tarefas família'!$H$5:$H$804,">0"))
A9: 4 | B9: Ele não quis tomar | C9: =COUNTIFS('Tarefas família'!$B$5:$B$804,A9,'Tarefas família'!$G$5:$G$804,"<>") | D9: =IF(C9=0,"-",COUNTIFS('Tarefas família'!$B$5:$B$804,A9,'Tarefas família'!$G$5:$G$804,"Sozinha")/C9) | E9: =IF(C9=0,"-",COUNTIFS('Tarefas família'!$B$5:$B$804,A9,'Tarefas família'!$G$5:$G$804,"Com dica")/C9) | F9: =IF(C9=0,"-",COUNTIFS('Tarefas família'!$B$5:$B$804,A9,'Tarefas família'!$G$5:$G$804,"Não conseguiu")/C9) | G9: =IF(COUNTIFS('Tarefas família'!$B$5:$B$804,A9,'Tarefas família'!$F$5:$F$804,">0")=0,"-",AVERAGEIFS('Tarefas família'!$F$5:$F$804,'Tarefas família'!$B$5:$B$804,A9,'Tarefas família'!$F$5:$F$804,">0")) | H9: =IF(COUNTIFS('Tarefas família'!$B$5:$B$804,A9,'Tarefas família'!$H$5:$H$804,">0")=0,"-",AVERAGEIFS('Tarefas família'!$H$5:$H$804,'Tarefas família'!$B$5:$B$804,A9,'Tarefas família'!$H$5:$H$804,">0"))
A10: 5 | B10: Ele ficou tonto | C10: =COUNTIFS('Tarefas família'!$B$5:$B$804,A10,'Tarefas família'!$G$5:$G$804,"<>") | D10: =IF(C10=0,"-",COUNTIFS('Tarefas família'!$B$5:$B$804,A10,'Tarefas família'!$G$5:$G$804,"Sozinha")/C10) | E10: =IF(C10=0,"-",COUNTIFS('Tarefas família'!$B$5:$B$804,A10,'Tarefas família'!$G$5:$G$804,"Com dica")/C10) | F10: =IF(C10=0,"-",COUNTIFS('Tarefas família'!$B$5:$B$804,A10,'Tarefas família'!$G$5:$G$804,"Não conseguiu")/C10) | G10: =IF(COUNTIFS('Tarefas família'!$B$5:$B$804,A10,'Tarefas família'!$F$5:$F$804,">0")=0,"-",AVERAGEIFS('Tarefas família'!$F$5:$F$804,'Tarefas família'!$B$5:$B$804,A10,'Tarefas família'!$F$5:$F$804,">0")) | H10: =IF(COUNTIFS('Tarefas família'!$B$5:$B$804,A10,'Tarefas família'!$H$5:$H$804,">0")=0,"-",AVERAGEIFS('Tarefas família'!$H$5:$H$804,'Tarefas família'!$B$5:$B$804,A10,'Tarefas família'!$H$5:$H$804,">0"))
A11: 6 | B11: Como foi a noite | C11: =COUNTIFS('Tarefas família'!$B$5:$B$804,A11,'Tarefas família'!$G$5:$G$804,"<>") | D11: =IF(C11=0,"-",COUNTIFS('Tarefas família'!$B$5:$B$804,A11,'Tarefas família'!$G$5:$G$804,"Sozinha")/C11) | E11: =IF(C11=0,"-",COUNTIFS('Tarefas família'!$B$5:$B$804,A11,'Tarefas família'!$G$5:$G$804,"Com dica")/C11) | F11: =IF(C11=0,"-",COUNTIFS('Tarefas família'!$B$5:$B$804,A11,'Tarefas família'!$G$5:$G$804,"Não conseguiu")/C11) | G11: =IF(COUNTIFS('Tarefas família'!$B$5:$B$804,A11,'Tarefas família'!$F$5:$F$804,">0")=0,"-",AVERAGEIFS('Tarefas família'!$F$5:$F$804,'Tarefas família'!$B$5:$B$804,A11,'Tarefas família'!$F$5:$F$804,">0")) | H11: =IF(COUNTIFS('Tarefas família'!$B$5:$B$804,A11,'Tarefas família'!$H$5:$H$804,">0")=0,"-",AVERAGEIFS('Tarefas família'!$H$5:$H$804,'Tarefas família'!$B$5:$B$804,A11,'Tarefas família'!$H$5:$H$804,">0"))
A12: 7 | B12: Sair mais cedo | C12: =COUNTIFS('Tarefas família'!$B$5:$B$804,A12,'Tarefas família'!$G$5:$G$804,"<>") | D12: =IF(C12=0,"-",COUNTIFS('Tarefas família'!$B$5:$B$804,A12,'Tarefas família'!$G$5:$G$804,"Sozinha")/C12) | E12: =IF(C12=0,"-",COUNTIFS('Tarefas família'!$B$5:$B$804,A12,'Tarefas família'!$G$5:$G$804,"Com dica")/C12) | F12: =IF(C12=0,"-",COUNTIFS('Tarefas família'!$B$5:$B$804,A12,'Tarefas família'!$G$5:$G$804,"Não conseguiu")/C12) | G12: =IF(COUNTIFS('Tarefas família'!$B$5:$B$804,A12,'Tarefas família'!$F$5:$F$804,">0")=0,"-",AVERAGEIFS('Tarefas família'!$F$5:$F$804,'Tarefas família'!$B$5:$B$804,A12,'Tarefas família'!$F$5:$F$804,">0")) | H12: =IF(COUNTIFS('Tarefas família'!$B$5:$B$804,A12,'Tarefas família'!$H$5:$H$804,">0")=0,"-",AVERAGEIFS('Tarefas família'!$H$5:$H$804,'Tarefas família'!$B$5:$B$804,A12,'Tarefas família'!$H$5:$H$804,">0"))
A13: 8 | B13: Uma nova cuidadora | C13: =COUNTIFS('Tarefas família'!$B$5:$B$804,A13,'Tarefas família'!$G$5:$G$804,"<>") | D13: =IF(C13=0,"-",COUNTIFS('Tarefas família'!$B$5:$B$804,A13,'Tarefas família'!$G$5:$G$804,"Sozinha")/C13) | E13: =IF(C13=0,"-",COUNTIFS('Tarefas família'!$B$5:$B$804,A13,'Tarefas família'!$G$5:$G$804,"Com dica")/C13) | F13: =IF(C13=0,"-",COUNTIFS('Tarefas família'!$B$5:$B$804,A13,'Tarefas família'!$G$5:$G$804,"Não conseguiu")/C13) | G13: =IF(COUNTIFS('Tarefas família'!$B$5:$B$804,A13,'Tarefas família'!$F$5:$F$804,">0")=0,"-",AVERAGEIFS('Tarefas família'!$F$5:$F$804,'Tarefas família'!$B$5:$B$804,A13,'Tarefas família'!$F$5:$F$804,">0")) | H13: =IF(COUNTIFS('Tarefas família'!$B$5:$B$804,A13,'Tarefas família'!$H$5:$H$804,">0")=0,"-",AVERAGEIFS('Tarefas família'!$H$5:$H$804,'Tarefas família'!$B$5:$B$804,A13,'Tarefas família'!$H$5:$H$804,">0"))
A14: 9 | B14: Uma emergência | C14: =COUNTIFS('Tarefas família'!$B$5:$B$804,A14,'Tarefas família'!$G$5:$G$804,"<>") | D14: =IF(C14=0,"-",COUNTIFS('Tarefas família'!$B$5:$B$804,A14,'Tarefas família'!$G$5:$G$804,"Sozinha")/C14) | E14: =IF(C14=0,"-",COUNTIFS('Tarefas família'!$B$5:$B$804,A14,'Tarefas família'!$G$5:$G$804,"Com dica")/C14) | F14: =IF(C14=0,"-",COUNTIFS('Tarefas família'!$B$5:$B$804,A14,'Tarefas família'!$G$5:$G$804,"Não conseguiu")/C14) | G14: =IF(COUNTIFS('Tarefas família'!$B$5:$B$804,A14,'Tarefas família'!$F$5:$F$804,">0")=0,"-",AVERAGEIFS('Tarefas família'!$F$5:$F$804,'Tarefas família'!$B$5:$B$804,A14,'Tarefas família'!$F$5:$F$804,">0")) | H14: =IF(COUNTIFS('Tarefas família'!$B$5:$B$804,A14,'Tarefas família'!$H$5:$H$804,">0")=0,"-",AVERAGEIFS('Tarefas família'!$H$5:$H$804,'Tarefas família'!$B$5:$B$804,A14,'Tarefas família'!$H$5:$H$804,">0"))
A15: 10 | B15: Corrigir um engano | C15: =COUNTIFS('Tarefas família'!$B$5:$B$804,A15,'Tarefas família'!$G$5:$G$804,"<>") | D15: =IF(C15=0,"-",COUNTIFS('Tarefas família'!$B$5:$B$804,A15,'Tarefas família'!$G$5:$G$804,"Sozinha")/C15) | E15: =IF(C15=0,"-",COUNTIFS('Tarefas família'!$B$5:$B$804,A15,'Tarefas família'!$G$5:$G$804,"Com dica")/C15) | F15: =IF(C15=0,"-",COUNTIFS('Tarefas família'!$B$5:$B$804,A15,'Tarefas família'!$G$5:$G$804,"Não conseguiu")/C15) | G15: =IF(COUNTIFS('Tarefas família'!$B$5:$B$804,A15,'Tarefas família'!$F$5:$F$804,">0")=0,"-",AVERAGEIFS('Tarefas família'!$F$5:$F$804,'Tarefas família'!$B$5:$B$804,A15,'Tarefas família'!$F$5:$F$804,">0")) | H15: =IF(COUNTIFS('Tarefas família'!$B$5:$B$804,A15,'Tarefas família'!$H$5:$H$804,">0")=0,"-",AVERAGEIFS('Tarefas família'!$H$5:$H$804,'Tarefas família'!$B$5:$B$804,A15,'Tarefas família'!$H$5:$H$804,">0"))
A16: 11 | B16: Cuidar de mais uma pessoa | C16: =COUNTIFS('Tarefas família'!$B$5:$B$804,A16,'Tarefas família'!$G$5:$G$804,"<>") | D16: =IF(C16=0,"-",COUNTIFS('Tarefas família'!$B$5:$B$804,A16,'Tarefas família'!$G$5:$G$804,"Sozinha")/C16) | E16: =IF(C16=0,"-",COUNTIFS('Tarefas família'!$B$5:$B$804,A16,'Tarefas família'!$G$5:$G$804,"Com dica")/C16) | F16: =IF(C16=0,"-",COUNTIFS('Tarefas família'!$B$5:$B$804,A16,'Tarefas família'!$G$5:$G$804,"Não conseguiu")/C16) | G16: =IF(COUNTIFS('Tarefas família'!$B$5:$B$804,A16,'Tarefas família'!$F$5:$F$804,">0")=0,"-",AVERAGEIFS('Tarefas família'!$F$5:$F$804,'Tarefas família'!$B$5:$B$804,A16,'Tarefas família'!$F$5:$F$804,">0")) | H16: =IF(COUNTIFS('Tarefas família'!$B$5:$B$804,A16,'Tarefas família'!$H$5:$H$804,">0")=0,"-",AVERAGEIFS('Tarefas família'!$H$5:$H$804,'Tarefas família'!$B$5:$B$804,A16,'Tarefas família'!$H$5:$H$804,">0"))
A17: 12 | B17: Médias para a consulta | C17: =COUNTIFS('Tarefas família'!$B$5:$B$804,A17,'Tarefas família'!$G$5:$G$804,"<>") | D17: =IF(C17=0,"-",COUNTIFS('Tarefas família'!$B$5:$B$804,A17,'Tarefas família'!$G$5:$G$804,"Sozinha")/C17) | E17: =IF(C17=0,"-",COUNTIFS('Tarefas família'!$B$5:$B$804,A17,'Tarefas família'!$G$5:$G$804,"Com dica")/C17) | F17: =IF(C17=0,"-",COUNTIFS('Tarefas família'!$B$5:$B$804,A17,'Tarefas família'!$G$5:$G$804,"Não conseguiu")/C17) | G17: =IF(COUNTIFS('Tarefas família'!$B$5:$B$804,A17,'Tarefas família'!$F$5:$F$804,">0")=0,"-",AVERAGEIFS('Tarefas família'!$F$5:$F$804,'Tarefas família'!$B$5:$B$804,A17,'Tarefas família'!$F$5:$F$804,">0")) | H17: =IF(COUNTIFS('Tarefas família'!$B$5:$B$804,A17,'Tarefas família'!$H$5:$H$804,">0")=0,"-",AVERAGEIFS('Tarefas família'!$H$5:$H$804,'Tarefas família'!$B$5:$B$804,A17,'Tarefas família'!$H$5:$H$804,">0"))
A18: 13 | B18: Um compromisso amanhã | C18: =COUNTIFS('Tarefas família'!$B$5:$B$804,A18,'Tarefas família'!$G$5:$G$804,"<>") | D18: =IF(C18=0,"-",COUNTIFS('Tarefas família'!$B$5:$B$804,A18,'Tarefas família'!$G$5:$G$804,"Sozinha")/C18) | E18: =IF(C18=0,"-",COUNTIFS('Tarefas família'!$B$5:$B$804,A18,'Tarefas família'!$G$5:$G$804,"Com dica")/C18) | F18: =IF(C18=0,"-",COUNTIFS('Tarefas família'!$B$5:$B$804,A18,'Tarefas família'!$G$5:$G$804,"Não conseguiu")/C18) | G18: =IF(COUNTIFS('Tarefas família'!$B$5:$B$804,A18,'Tarefas família'!$F$5:$F$804,">0")=0,"-",AVERAGEIFS('Tarefas família'!$F$5:$F$804,'Tarefas família'!$B$5:$B$804,A18,'Tarefas família'!$F$5:$F$804,">0")) | H18: =IF(COUNTIFS('Tarefas família'!$B$5:$B$804,A18,'Tarefas família'!$H$5:$H$804,">0")=0,"-",AVERAGEIFS('Tarefas família'!$H$5:$H$804,'Tarefas família'!$B$5:$B$804,A18,'Tarefas família'!$H$5:$H$804,">0"))
A21: Cuidadoras
A22: Tarefa | B22: Nome | C22: Pessoas | D22: % sozinha | E22: % com dica | F22: % não conseguiu | G22: Tempo médio (s) | H22: Facilidade média
A23: C1 | B23: O convite da Ana | C23: =COUNTIFS('Tarefas cuidadoras'!$B$5:$B$804,A23,'Tarefas cuidadoras'!$G$5:$G$804,"<>") | D23: =IF(C23=0,"-",COUNTIFS('Tarefas cuidadoras'!$B$5:$B$804,A23,'Tarefas cuidadoras'!$G$5:$G$804,"Sozinha")/C23) | E23: =IF(C23=0,"-",COUNTIFS('Tarefas cuidadoras'!$B$5:$B$804,A23,'Tarefas cuidadoras'!$G$5:$G$804,"Com dica")/C23) | F23: =IF(C23=0,"-",COUNTIFS('Tarefas cuidadoras'!$B$5:$B$804,A23,'Tarefas cuidadoras'!$G$5:$G$804,"Não conseguiu")/C23) | G23: =IF(COUNTIFS('Tarefas cuidadoras'!$B$5:$B$804,A23,'Tarefas cuidadoras'!$F$5:$F$804,">0")=0,"-",AVERAGEIFS('Tarefas cuidadoras'!$F$5:$F$804,'Tarefas cuidadoras'!$B$5:$B$804,A23,'Tarefas cuidadoras'!$F$5:$F$804,">0")) | H23: =IF(COUNTIFS('Tarefas cuidadoras'!$B$5:$B$804,A23,'Tarefas cuidadoras'!$H$5:$H$804,">0")=0,"-",AVERAGEIFS('Tarefas cuidadoras'!$H$5:$H$804,'Tarefas cuidadoras'!$B$5:$B$804,A23,'Tarefas cuidadoras'!$H$5:$H$804,">0"))
A24: C2 | B24: Antes do primeiro plantão | C24: =COUNTIFS('Tarefas cuidadoras'!$B$5:$B$804,A24,'Tarefas cuidadoras'!$G$5:$G$804,"<>") | D24: =IF(C24=0,"-",COUNTIFS('Tarefas cuidadoras'!$B$5:$B$804,A24,'Tarefas cuidadoras'!$G$5:$G$804,"Sozinha")/C24) | E24: =IF(C24=0,"-",COUNTIFS('Tarefas cuidadoras'!$B$5:$B$804,A24,'Tarefas cuidadoras'!$G$5:$G$804,"Com dica")/C24) | F24: =IF(C24=0,"-",COUNTIFS('Tarefas cuidadoras'!$B$5:$B$804,A24,'Tarefas cuidadoras'!$G$5:$G$804,"Não conseguiu")/C24) | G24: =IF(COUNTIFS('Tarefas cuidadoras'!$B$5:$B$804,A24,'Tarefas cuidadoras'!$F$5:$F$804,">0")=0,"-",AVERAGEIFS('Tarefas cuidadoras'!$F$5:$F$804,'Tarefas cuidadoras'!$B$5:$B$804,A24,'Tarefas cuidadoras'!$F$5:$F$804,">0")) | H24: =IF(COUNTIFS('Tarefas cuidadoras'!$B$5:$B$804,A24,'Tarefas cuidadoras'!$H$5:$H$804,">0")=0,"-",AVERAGEIFS('Tarefas cuidadoras'!$H$5:$H$804,'Tarefas cuidadoras'!$B$5:$B$804,A24,'Tarefas cuidadoras'!$H$5:$H$804,">0"))
A25: C3 | B25: Hora do almoço | C25: =COUNTIFS('Tarefas cuidadoras'!$B$5:$B$804,A25,'Tarefas cuidadoras'!$G$5:$G$804,"<>") | D25: =IF(C25=0,"-",COUNTIFS('Tarefas cuidadoras'!$B$5:$B$804,A25,'Tarefas cuidadoras'!$G$5:$G$804,"Sozinha")/C25) | E25: =IF(C25=0,"-",COUNTIFS('Tarefas cuidadoras'!$B$5:$B$804,A25,'Tarefas cuidadoras'!$G$5:$G$804,"Com dica")/C25) | F25: =IF(C25=0,"-",COUNTIFS('Tarefas cuidadoras'!$B$5:$B$804,A25,'Tarefas cuidadoras'!$G$5:$G$804,"Não conseguiu")/C25) | G25: =IF(COUNTIFS('Tarefas cuidadoras'!$B$5:$B$804,A25,'Tarefas cuidadoras'!$F$5:$F$804,">0")=0,"-",AVERAGEIFS('Tarefas cuidadoras'!$F$5:$F$804,'Tarefas cuidadoras'!$B$5:$B$804,A25,'Tarefas cuidadoras'!$F$5:$F$804,">0")) | H25: =IF(COUNTIFS('Tarefas cuidadoras'!$B$5:$B$804,A25,'Tarefas cuidadoras'!$H$5:$H$804,">0")=0,"-",AVERAGEIFS('Tarefas cuidadoras'!$H$5:$H$804,'Tarefas cuidadoras'!$B$5:$B$804,A25,'Tarefas cuidadoras'!$H$5:$H$804,">0"))
A26: C4 | B26: Ele ficou tonto | C26: =COUNTIFS('Tarefas cuidadoras'!$B$5:$B$804,A26,'Tarefas cuidadoras'!$G$5:$G$804,"<>") | D26: =IF(C26=0,"-",COUNTIFS('Tarefas cuidadoras'!$B$5:$B$804,A26,'Tarefas cuidadoras'!$G$5:$G$804,"Sozinha")/C26) | E26: =IF(C26=0,"-",COUNTIFS('Tarefas cuidadoras'!$B$5:$B$804,A26,'Tarefas cuidadoras'!$G$5:$G$804,"Com dica")/C26) | F26: =IF(C26=0,"-",COUNTIFS('Tarefas cuidadoras'!$B$5:$B$804,A26,'Tarefas cuidadoras'!$G$5:$G$804,"Não conseguiu")/C26) | G26: =IF(COUNTIFS('Tarefas cuidadoras'!$B$5:$B$804,A26,'Tarefas cuidadoras'!$F$5:$F$804,">0")=0,"-",AVERAGEIFS('Tarefas cuidadoras'!$F$5:$F$804,'Tarefas cuidadoras'!$B$5:$B$804,A26,'Tarefas cuidadoras'!$F$5:$F$804,">0")) | H26: =IF(COUNTIFS('Tarefas cuidadoras'!$B$5:$B$804,A26,'Tarefas cuidadoras'!$H$5:$H$804,">0")=0,"-",AVERAGEIFS('Tarefas cuidadoras'!$H$5:$H$804,'Tarefas cuidadoras'!$B$5:$B$804,A26,'Tarefas cuidadoras'!$H$5:$H$804,">0"))
A27: C5 | B27: Mudar a caminhada | C27: =COUNTIFS('Tarefas cuidadoras'!$B$5:$B$804,A27,'Tarefas cuidadoras'!$G$5:$G$804,"<>") | D27: =IF(C27=0,"-",COUNTIFS('Tarefas cuidadoras'!$B$5:$B$804,A27,'Tarefas cuidadoras'!$G$5:$G$804,"Sozinha")/C27) | E27: =IF(C27=0,"-",COUNTIFS('Tarefas cuidadoras'!$B$5:$B$804,A27,'Tarefas cuidadoras'!$G$5:$G$804,"Com dica")/C27) | F27: =IF(C27=0,"-",COUNTIFS('Tarefas cuidadoras'!$B$5:$B$804,A27,'Tarefas cuidadoras'!$G$5:$G$804,"Não conseguiu")/C27) | G27: =IF(COUNTIFS('Tarefas cuidadoras'!$B$5:$B$804,A27,'Tarefas cuidadoras'!$F$5:$F$804,">0")=0,"-",AVERAGEIFS('Tarefas cuidadoras'!$F$5:$F$804,'Tarefas cuidadoras'!$B$5:$B$804,A27,'Tarefas cuidadoras'!$F$5:$F$804,">0")) | H27: =IF(COUNTIFS('Tarefas cuidadoras'!$B$5:$B$804,A27,'Tarefas cuidadoras'!$H$5:$H$804,">0")=0,"-",AVERAGEIFS('Tarefas cuidadoras'!$H$5:$H$804,'Tarefas cuidadoras'!$B$5:$B$804,A27,'Tarefas cuidadoras'!$H$5:$H$804,">0"))
A28: C6 | B28: Uma emergência | C28: =COUNTIFS('Tarefas cuidadoras'!$B$5:$B$804,A28,'Tarefas cuidadoras'!$G$5:$G$804,"<>") | D28: =IF(C28=0,"-",COUNTIFS('Tarefas cuidadoras'!$B$5:$B$804,A28,'Tarefas cuidadoras'!$G$5:$G$804,"Sozinha")/C28) | E28: =IF(C28=0,"-",COUNTIFS('Tarefas cuidadoras'!$B$5:$B$804,A28,'Tarefas cuidadoras'!$G$5:$G$804,"Com dica")/C28) | F28: =IF(C28=0,"-",COUNTIFS('Tarefas cuidadoras'!$B$5:$B$804,A28,'Tarefas cuidadoras'!$G$5:$G$804,"Não conseguiu")/C28) | G28: =IF(COUNTIFS('Tarefas cuidadoras'!$B$5:$B$804,A28,'Tarefas cuidadoras'!$F$5:$F$804,">0")=0,"-",AVERAGEIFS('Tarefas cuidadoras'!$F$5:$F$804,'Tarefas cuidadoras'!$B$5:$B$804,A28,'Tarefas cuidadoras'!$F$5:$F$804,">0")) | H28: =IF(COUNTIFS('Tarefas cuidadoras'!$B$5:$B$804,A28,'Tarefas cuidadoras'!$H$5:$H$804,">0")=0,"-",AVERAGEIFS('Tarefas cuidadoras'!$H$5:$H$804,'Tarefas cuidadoras'!$B$5:$B$804,A28,'Tarefas cuidadoras'!$H$5:$H$804,">0"))
A29: C7 | B29: Como foi a noite | C29: =COUNTIFS('Tarefas cuidadoras'!$B$5:$B$804,A29,'Tarefas cuidadoras'!$G$5:$G$804,"<>") | D29: =IF(C29=0,"-",COUNTIFS('Tarefas cuidadoras'!$B$5:$B$804,A29,'Tarefas cuidadoras'!$G$5:$G$804,"Sozinha")/C29) | E29: =IF(C29=0,"-",COUNTIFS('Tarefas cuidadoras'!$B$5:$B$804,A29,'Tarefas cuidadoras'!$G$5:$G$804,"Com dica")/C29) | F29: =IF(C29=0,"-",COUNTIFS('Tarefas cuidadoras'!$B$5:$B$804,A29,'Tarefas cuidadoras'!$G$5:$G$804,"Não conseguiu")/C29) | G29: =IF(COUNTIFS('Tarefas cuidadoras'!$B$5:$B$804,A29,'Tarefas cuidadoras'!$F$5:$F$804,">0")=0,"-",AVERAGEIFS('Tarefas cuidadoras'!$F$5:$F$804,'Tarefas cuidadoras'!$B$5:$B$804,A29,'Tarefas cuidadoras'!$F$5:$F$804,">0")) | H29: =IF(COUNTIFS('Tarefas cuidadoras'!$B$5:$B$804,A29,'Tarefas cuidadoras'!$H$5:$H$804,">0")=0,"-",AVERAGEIFS('Tarefas cuidadoras'!$H$5:$H$804,'Tarefas cuidadoras'!$B$5:$B$804,A29,'Tarefas cuidadoras'!$H$5:$H$804,">0"))
A30: C8 | B30: Sair mais cedo | C30: =COUNTIFS('Tarefas cuidadoras'!$B$5:$B$804,A30,'Tarefas cuidadoras'!$G$5:$G$804,"<>") | D30: =IF(C30=0,"-",COUNTIFS('Tarefas cuidadoras'!$B$5:$B$804,A30,'Tarefas cuidadoras'!$G$5:$G$804,"Sozinha")/C30) | E30: =IF(C30=0,"-",COUNTIFS('Tarefas cuidadoras'!$B$5:$B$804,A30,'Tarefas cuidadoras'!$G$5:$G$804,"Com dica")/C30) | F30: =IF(C30=0,"-",COUNTIFS('Tarefas cuidadoras'!$B$5:$B$804,A30,'Tarefas cuidadoras'!$G$5:$G$804,"Não conseguiu")/C30) | G30: =IF(COUNTIFS('Tarefas cuidadoras'!$B$5:$B$804,A30,'Tarefas cuidadoras'!$F$5:$F$804,">0")=0,"-",AVERAGEIFS('Tarefas cuidadoras'!$F$5:$F$804,'Tarefas cuidadoras'!$B$5:$B$804,A30,'Tarefas cuidadoras'!$F$5:$F$804,">0")) | H30: =IF(COUNTIFS('Tarefas cuidadoras'!$B$5:$B$804,A30,'Tarefas cuidadoras'!$H$5:$H$804,">0")=0,"-",AVERAGEIFS('Tarefas cuidadoras'!$H$5:$H$804,'Tarefas cuidadoras'!$B$5:$B$804,A30,'Tarefas cuidadoras'!$H$5:$H$804,">0"))
A31: C9 | B31: Corrigir um engano | C31: =COUNTIFS('Tarefas cuidadoras'!$B$5:$B$804,A31,'Tarefas cuidadoras'!$G$5:$G$804,"<>") | D31: =IF(C31=0,"-",COUNTIFS('Tarefas cuidadoras'!$B$5:$B$804,A31,'Tarefas cuidadoras'!$G$5:$G$804,"Sozinha")/C31) | E31: =IF(C31=0,"-",COUNTIFS('Tarefas cuidadoras'!$B$5:$B$804,A31,'Tarefas cuidadoras'!$G$5:$G$804,"Com dica")/C31) | F31: =IF(C31=0,"-",COUNTIFS('Tarefas cuidadoras'!$B$5:$B$804,A31,'Tarefas cuidadoras'!$G$5:$G$804,"Não conseguiu")/C31) | G31: =IF(COUNTIFS('Tarefas cuidadoras'!$B$5:$B$804,A31,'Tarefas cuidadoras'!$F$5:$F$804,">0")=0,"-",AVERAGEIFS('Tarefas cuidadoras'!$F$5:$F$804,'Tarefas cuidadoras'!$B$5:$B$804,A31,'Tarefas cuidadoras'!$F$5:$F$804,">0")) | H31: =IF(COUNTIFS('Tarefas cuidadoras'!$B$5:$B$804,A31,'Tarefas cuidadoras'!$H$5:$H$804,">0")=0,"-",AVERAGEIFS('Tarefas cuidadoras'!$H$5:$H$804,'Tarefas cuidadoras'!$B$5:$B$804,A31,'Tarefas cuidadoras'!$H$5:$H$804,">0"))
A34: Nota de recomendação (NPS)
A35: Grupo | B35: Respostas | C35: Promotores (9–10) | D35: Detratores (0–6) | E35: NPS
A36: Família | B36: =COUNTIFS(Final!$B$5:$B$84,A36,Final!$H$5:$H$84,">=0") | C36: =COUNTIFS(Final!$B$5:$B$84,A36,Final!$H$5:$H$84,">=9") | D36: =COUNTIFS(Final!$B$5:$B$84,A36,Final!$H$5:$H$84,"<=6",Final!$H$5:$H$84,"<>") | E36: =IF(B36=0,"-",ROUND((C36-D36)/B36*100,0))
A37: Cuidadora | B37: =COUNTIFS(Final!$B$5:$B$84,A37,Final!$H$5:$H$84,">=0") | C37: =COUNTIFS(Final!$B$5:$B$84,A37,Final!$H$5:$H$84,">=9") | D37: =COUNTIFS(Final!$B$5:$B$84,A37,Final!$H$5:$H$84,"<=6",Final!$H$5:$H$84,"<>") | E37: =IF(B37=0,"-",ROUND((C37-D37)/B37*100,0))
A39: Conexão · peso do modo sem internet
A40: Grupo | B40: Responderam | C40: Sinal fraco (1–2) | D40: Sem wi-fi (só dados ou nenhum) | E40: Dados acabam (sim ou às vezes) | F40: Não confiaria sem internet | G40: Sinal médio
A41: Família | B41: =COUNTA('Participantes família'!$M$5:$M$44) | C41: =COUNTIFS('Participantes família'!$N$5:$N$44,">=1",'Participantes família'!$N$5:$N$44,"<=2") | D41: =COUNTIF('Participantes família'!$M$5:$M$44,"Dados móveis")+COUNTIF('Participantes família'!$M$5:$M$44,"Nenhum") | E41: =COUNTIF('Participantes família'!$P$5:$P$44,"Sim")+COUNTIF('Participantes família'!$P$5:$P$44,"Às vezes") | F41: =COUNTIFS(Final!$B$5:$B$84,A41,Final!$I$5:$I$84,"Não") | G41: =IF(COUNT('Participantes família'!$N$5:$N$44)=0,"-",AVERAGE('Participantes família'!$N$5:$N$44))
A42: Cuidadora | B42: =COUNTA('Participantes cuidadoras'!$L$5:$L$44) | C42: =COUNTIFS('Participantes cuidadoras'!$M$5:$M$44,">=1",'Participantes cuidadoras'!$M$5:$M$44,"<=2") | D42: =COUNTIF('Participantes cuidadoras'!$L$5:$L$44,"Dados móveis")+COUNTIF('Participantes cuidadoras'!$L$5:$L$44,"Nenhum") | E42: =COUNTIF('Participantes cuidadoras'!$O$5:$O$44,"Sim")+COUNTIF('Participantes cuidadoras'!$O$5:$O$44,"Às vezes") | F42: =COUNTIFS(Final!$B$5:$B$84,A42,Final!$I$5:$I$84,"Não") | G42: =IF(COUNT('Participantes cuidadoras'!$M$5:$M$44)=0,"-",AVERAGE('Participantes cuidadoras'!$M$5:$M$44))
A43: Se metade ou mais de um grupo tem sinal fraco, fica sem wi-fi ou sem dados, o modo sem internet deve entrar como prioridade.
A45: NPS vai de −100 a +100: % de promotores menos % de detratores. Com poucas pessoas, leia como sinal, não como medida.
A46: Problemas para corrigir primeiro: | C46: =COUNTIF(Problemas!$H$5:$H$64,"Corrigir primeiro")

Sheet Listas
A1: Tarefa | B1: Nome (família) | D1: Tarefa | E1: Nome (cuidadoras) | G1: Resultado | H1: Tipo | I1: Gravidade | J1: Sim/Não | K1: Gravação | L1: Status | M1: Internet | N1: Frequência | O1: Confiança
A2: 1 | B2: Comece a usar o app | D2: C1 | E2: O convite da Ana | G2: Sozinha | H2: App | I2: Alta | J2: Sim | K2: Tela e voz | L2: Aberto | M2: Wi-fi | N2: Sim | O2: Sim
A3: 2 | B3: Um remédio novo | D3: C2 | E3: Antes do primeiro plantão | G3: Com dica | H3: Protótipo | I3: Média | J3: Não | K3: Só tela | L3: Em correção | M3: Dados móveis | N3: Às vezes | O3: Talvez
A4: 3 | B4: Hora do almoço | D4: C3 | E4: Hora do almoço | G4: Não conseguiu | I4: Baixa | K4: Só anotações | L4: Corrigido | M4: Os dois | N4: Não | O4: Não
A5: 4 | B5: Ele não quis tomar | D5: C4 | E5: Ele ficou tonto | L5: Não vamos corrigir | M5: Nenhum
A6: 5 | B6: Ele ficou tonto | D6: C5 | E6: Mudar a caminhada
A7: 6 | B7: Como foi a noite | D7: C6 | E7: Uma emergência
A8: 7 | B8: Sair mais cedo | D8: C7 | E8: Como foi a noite
A9: 8 | B9: Uma nova cuidadora | D9: C8 | E9: Sair mais cedo
A10: 9 | B10: Uma emergência | D10: C9 | E10: Corrigir um engano
A11: 10 | B11: Corrigir um engano
A12: 11 | B12: Cuidar de mais uma pessoa
A13: 12 | B13: Médias para a consulta
A14: 13 | B14: Um compromisso amanhã

Sheet Participantes família
A1: Participantes família
A2: Respostas das perguntas do início do roteiro. Uma linha por pessoa.
A4: ID | B4: Grupo | C4: Nome ou apelido | D4: Data do teste | E4: Quem conduziu | F4: Termo assinado? | G4: Gravação autorizada | H4: Idade (aprox.) | I4: Cuida ou já cuidou de alguém? De quem, há quanto tempo | J4: Se cuida: dias por semana, mora junto, divide com alguém? | K4: Celular (Android/iPhone) e usa óculos? | L4: Tamanho da letra no celular (1–5) | M4: Internet onde mais usa o celular (wi-fi, dados, os dois?) | N4: Sinal onde mais fica (1–5) | O4: Ficou sem internet em algo importante? Onde? | P4: Dados móveis acabam antes do fim do mês? | Q4: Apps que usa todo dia | R4: À vontade com celular (1–5) | S4: Como combina remédios, horários e consultas (se cuida) | T4: Já usou app de saúde ou lembrete? O que achou
A5: F1 | B5: Família
A6: F2 | B6: Família
A7: F3 | B7: Família
A8: F4 | B8: Família

Sheet Participantes cuidadoras
A1: Participantes cuidadoras
A2: Respostas das perguntas do início do roteiro. Uma linha por pessoa.
A4: ID | B4: Grupo | C4: Nome ou apelido | D4: Data do teste | E4: Quem conduziu | F4: Termo assinado? | G4: Gravação autorizada | H4: Idade (aprox.) | I4: Trabalha ou já trabalhou cuidando? Há quanto tempo, formação | J4: Se cuida: quantas pessoas hoje / já usou app no trabalho? | K4: Se cuida: celular próprio ou da casa? | L4: Internet onde passa o dia (wi-fi, dados, os dois?) | M4: Sinal onde passa o dia (1–5) | N4: Ficou sem internet em algo importante? Onde? | O4: Dados móveis acabam antes do fim do mês? | P4: Celular (Android/iPhone) e usa óculos? | Q4: Tamanho da letra no celular (1–5) | R4: À vontade com celular (1–5) | S4: Se cuida: como recebe orientações e registra o dia | T4: Se cuida: o que gera mal-entendido ao passar o cuidado
A5: CU1 | B5: Cuidadora
A6: CU2 | B6: Cuidadora
A7: CU3 | B7: Cuidadora

Sheet Tarefas família
A1: Tarefas família
A2: Uma linha por pessoa e tarefa. Amarelo = preencher. Nome da tarefa e tempo total se calculam.
A4: ID | B4: Tarefa | C4: Nome da tarefa | D4: Minutos | E4: Segundos | F4: Tempo total (s) | G4: Resultado | H4: Facilidade (1–5) | I4: Onde travou ou tocou | J4: Palavras que usou | K4: Problema observado | L4: Tipo | M4: Gravidade | N4: Observações | O4: Ordem em que fez (1º, 2º…)
A5: F1 | B5: 1 | C5: =IF(B5="","",IFERROR(INDEX(Listas!$B$2:$B$14,MATCH(B5,Listas!$A$2:$A$14,0)),"?")) | F5: =IF(AND(D5="",E5=""),"",D5*60+E5)
A6: F1 | B6: 2 | C6: =IF(B6="","",IFERROR(INDEX(Listas!$B$2:$B$14,MATCH(B6,Listas!$A$2:$A$14,0)),"?")) | F6: =IF(AND(D6="",E6=""),"",D6*60+E6)
A7: F1 | B7: 3 | C7: =IF(B7="","",IFERROR(INDEX(Listas!$B$2:$B$14,MATCH(B7,Listas!$A$2:$A$14,0)),"?")) | F7: =IF(AND(D7="",E7=""),"",D7*60+E7)
A8: F1 | B8: 4 | C8: =IF(B8="","",IFERROR(INDEX(Listas!$B$2:$B$14,MATCH(B8,Listas!$A$2:$A$14,0)),"?")) | F8: =IF(AND(D8="",E8=""),"",D8*60+E8)
A9: F1 | B9: 5 | C9: =IF(B9="","",IFERROR(INDEX(Listas!$B$2:$B$14,MATCH(B9,Listas!$A$2:$A$14,0)),"?")) | F9: =IF(AND(D9="",E9=""),"",D9*60+E9)
A10: F1 | B10: 6 | C10: =IF(B10="","",IFERROR(INDEX(Listas!$B$2:$B$14,MATCH(B10,Listas!$A$2:$A$14,0)),"?")) | F10: =IF(AND(D10="",E10=""),"",D10*60+E10)
A11: F1 | B11: 7 | C11: =IF(B11="","",IFERROR(INDEX(Listas!$B$2:$B$14,MATCH(B11,Listas!$A$2:$A$14,0)),"?")) | F11: =IF(AND(D11="",E11=""),"",D11*60+E11)
A12: F1 | B12: 8 | C12: =IF(B12="","",IFERROR(INDEX(Listas!$B$2:$B$14,MATCH(B12,Listas!$A$2:$A$14,0)),"?")) | F12: =IF(AND(D12="",E12=""),"",D12*60+E12)
A13: F1 | B13: 9 | C13: =IF(B13="","",IFERROR(INDEX(Listas!$B$2:$B$14,MATCH(B13,Listas!$A$2:$A$14,0)),"?")) | F13: =IF(AND(D13="",E13=""),"",D13*60+E13)
A14: F1 | B14: 10 | C14: =IF(B14="","",IFERROR(INDEX(Listas!$B$2:$B$14,MATCH(B14,Listas!$A$2:$A$14,0)),"?")) | F14: =IF(AND(D14="",E14=""),"",D14*60+E14)
A15: F1 | B15: 11 | C15: =IF(B15="","",IFERROR(INDEX(Listas!$B$2:$B$14,MATCH(B15,Listas!$A$2:$A$14,0)),"?")) | F15: =IF(AND(D15="",E15=""),"",D15*60+E15)
A16: F1 | B16: 12 | C16: =IF(B16="","",IFERROR(INDEX(Listas!$B$2:$B$14,MATCH(B16,Listas!$A$2:$A$14,0)),"?")) | F16: =IF(AND(D16="",E16=""),"",D16*60+E16)
... A56: F4 | B56: 13 | C56: =IF(B56="","",IFERROR(INDEX(Listas!$B$2:$B$14,MATCH(B56,Listas!$A$2:$A$14,0)),"?")) | F56: =IF(AND(D56="",E56=""),"",D56*60+E56)
C57: =IF(B57="","",IFERROR(INDEX(Listas!$B$2:$B$14,MATCH(B57,Listas!$A$2:$A$14,0)),"?")) | F57: =IF(AND(D57="",E57=""),"",D57*60+E57)
C58: =IF(B58="","",IFERROR(INDEX(Listas!$B$2:$B$14,MATCH(B58,Listas!$A$2:$A$14,0)),"?")) | F58: =IF(AND(D58="",E58=""),"",D58*60+E58)
C59: =IF(B59="","",IFERROR(INDEX(Listas!$B$2:$B$14,MATCH(B59,Listas!$A$2:$A$14,0)),"?")) | F59: =IF(AND(D59="",E59=""),"",D59*60+E59)
C60: =IF(B60="","",IFERROR(INDEX(Listas!$B$2:$B$14,MATCH(B60,Listas!$A$2:$A$14,0)),"?")) | F60: =IF(AND(D60="",E60=""),"",D60*60+E60)
C61: =IF(B61="","",IFERROR(INDEX(Listas!$B$2:$B$14,MATCH(B61,Listas!$A$2:$A$14,0)),"?")) | F61: =IF(AND(D61="",E61=""),"",D61*60+E61)
C62: =IF(B62="","",IFERROR(INDEX(Listas!$B$2:$B$14,MATCH(B62,Listas!$A$2:$A$14,0)),"?")) | F62: =IF(AND(D62="",E62=""),"",D62*60+E62)
C63: =IF(B63="","",IFERROR(INDEX(Listas!$B$2:$B$14,MATCH(B63,Listas!$A$2:$A$14,0)),"?")) | F63: =IF(AND(D63="",E63=""),"",D63*60+E63)
C64: =IF(B64="","",IFERROR(INDEX(Listas!$B$2:$B$14,MATCH(B64,Listas!$A$2:$A$14,0)),"?")) | F64: =IF(AND(D64="",E64=""),"",D64*60+E64)
C65: =IF(B65="","",IFERROR(INDEX(Listas!$B$2:$B$14,MATCH(B65,Listas!$A$2:$A$14,0)),"?")) | F65: =IF(AND(D65="",E65=""),"",D65*60+E65)
C66: =IF(B66="","",IFERROR(INDEX(Listas!$B$2:$B$14,MATCH(B66,Listas!$A$2:$A$14,0)),"?")) | F66: =IF(AND(D66="",E66=""),"",D66*60+E66)
C67: =IF(B67="","",IFERROR(INDEX(Listas!$B$2:$B$14,MATCH(B67,Listas!$A$2:$A$14,0)),"?")) | F67: =IF(AND(D67="",E67=""),"",D67*60+E67)
C68: =IF(B68="","",IFERROR(INDEX(Listas!$B$2:$B$14,MATCH(B68,Listas!$A$2:$A$14,0)),"?")) | F68: =IF(AND(D68="",E68=""),"",D68*60+E68)
... C804: =IF(B804="","",IFERROR(INDEX(Listas!$B$2:$B$14,MATCH(B804,Listas!$A$2:$A$14,0)),"?")) | F804: =IF(AND(D804="",E804=""),"",D804*60+E804)

Sheet Tarefas cuidadoras
A1: Tarefas cuidadoras
A2: Uma linha por pessoa e tarefa. Amarelo = preencher. Nome da tarefa e tempo total se calculam.
A4: ID | B4: Tarefa | C4: Nome da tarefa | D4: Minutos | E4: Segundos | F4: Tempo total (s) | G4: Resultado | H4: Facilidade (1–5) | I4: Onde travou ou tocou | J4: Palavras que usou | K4: Problema observado | L4: Tipo | M4: Gravidade | N4: Observações | O4: Ordem em que fez (1º, 2º…)
A5: CU1 | B5: C1 | C5: =IF(B5="","",IFERROR(INDEX(Listas!$E$2:$E$10,MATCH(B5,Listas!$D$2:$D$10,0)),"?")) | F5: =IF(AND(D5="",E5=""),"",D5*60+E5)
A6: CU1 | B6: C2 | C6: =IF(B6="","",IFERROR(INDEX(Listas!$E$2:$E$10,MATCH(B6,Listas!$D$2:$D$10,0)),"?")) | F6: =IF(AND(D6="",E6=""),"",D6*60+E6)
A7: CU1 | B7: C3 | C7: =IF(B7="","",IFERROR(INDEX(Listas!$E$2:$E$10,MATCH(B7,Listas!$D$2:$D$10,0)),"?")) | F7: =IF(AND(D7="",E7=""),"",D7*60+E7)
A8: CU1 | B8: C4 | C8: =IF(B8="","",IFERROR(INDEX(Listas!$E$2:$E$10,MATCH(B8,Listas!$D$2:$D$10,0)),"?")) | F8: =IF(AND(D8="",E8=""),"",D8*60+E8)
A9: CU1 | B9: C5 | C9: =IF(B9="","",IFERROR(INDEX(Listas!$E$2:$E$10,MATCH(B9,Listas!$D$2:$D$10,0)),"?")) | F9: =IF(AND(D9="",E9=""),"",D9*60+E9)
A10: CU1 | B10: C6 | C10: =IF(B10="","",IFERROR(INDEX(Listas!$E$2:$E$10,MATCH(B10,Listas!$D$2:$D$10,0)),"?")) | F10: =IF(AND(D10="",E10=""),"",D10*60+E10)
A11: CU1 | B11: C7 | C11: =IF(B11="","",IFERROR(INDEX(Listas!$E$2:$E$10,MATCH(B11,Listas!$D$2:$D$10,0)),"?")) | F11: =IF(AND(D11="",E11=""),"",D11*60+E11)
A12: CU1 | B12: C8 | C12: =IF(B12="","",IFERROR(INDEX(Listas!$E$2:$E$10,MATCH(B12,Listas!$D$2:$D$10,0)),"?")) | F12: =IF(AND(D12="",E12=""),"",D12*60+E12)
A13: CU1 | B13: C9 | C13: =IF(B13="","",IFERROR(INDEX(Listas!$E$2:$E$10,MATCH(B13,Listas!$D$2:$D$10,0)),"?")) | F13: =IF(AND(D13="",E13=""),"",D13*60+E13)
A14: CU2 | B14: C1 | C14: =IF(B14="","",IFERROR(INDEX(Listas!$E$2:$E$10,MATCH(B14,Listas!$D$2:$D$10,0)),"?")) | F14: =IF(AND(D14="",E14=""),"",D14*60+E14)
A15: CU2 | B15: C2 | C15: =IF(B15="","",IFERROR(INDEX(Listas!$E$2:$E$10,MATCH(B15,Listas!$D$2:$D$10,0)),"?")) | F15: =IF(AND(D15="",E15=""),"",D15*60+E15)
A16: CU2 | B16: C3 | C16: =IF(B16="","",IFERROR(INDEX(Listas!$E$2:$E$10,MATCH(B16,Listas!$D$2:$D$10,0)),"?")) | F16: =IF(AND(D16="",E16=""),"",D16*60+E16)
... A31: CU3 | B31: C9 | C31: =IF(B31="","",IFERROR(INDEX(Listas!$E$2:$E$10,MATCH(B31,Listas!$D$2:$D$10,0)),"?")) | F31: =IF(AND(D31="",E31=""),"",D31*60+E31)
C32: =IF(B32="","",IFERROR(INDEX(Listas!$E$2:$E$10,MATCH(B32,Listas!$D$2:$D$10,0)),"?")) | F32: =IF(AND(D32="",E32=""),"",D32*60+E32)
C33: =IF(B33="","",IFERROR(INDEX(Listas!$E$2:$E$10,MATCH(B33,Listas!$D$2:$D$10,0)),"?")) | F33: =IF(AND(D33="",E33=""),"",D33*60+E33)
C34: =IF(B34="","",IFERROR(INDEX(Listas!$E$2:$E$10,MATCH(B34,Listas!$D$2:$D$10,0)),"?")) | F34: =IF(AND(D34="",E34=""),"",D34*60+E34)
C35: =IF(B35="","",IFERROR(INDEX(Listas!$E$2:$E$10,MATCH(B35,Listas!$D$2:$D$10,0)),"?")) | F35: =IF(AND(D35="",E35=""),"",D35*60+E35)
C36: =IF(B36="","",IFERROR(INDEX(Listas!$E$2:$E$10,MATCH(B36,Listas!$D$2:$D$10,0)),"?")) | F36: =IF(AND(D36="",E36=""),"",D36*60+E36)
C37: =IF(B37="","",IFERROR(INDEX(Listas!$E$2:$E$10,MATCH(B37,Listas!$D$2:$D$10,0)),"?")) | F37: =IF(AND(D37="",E37=""),"",D37*60+E37)
C38: =IF(B38="","",IFERROR(INDEX(Listas!$E$2:$E$10,MATCH(B38,Listas!$D$2:$D$10,0)),"?")) | F38: =IF(AND(D38="",E38=""),"",D38*60+E38)
C39: =IF(B39="","",IFERROR(INDEX(Listas!$E$2:$E$10,MATCH(B39,Listas!$D$2:$D$10,0)),"?")) | F39: =IF(AND(D39="",E39=""),"",D39*60+E39)
C40: =IF(B40="","",IFERROR(INDEX(Listas!$E$2:$E$10,MATCH(B40,Listas!$D$2:$D$10,0)),"?")) | F40: =IF(AND(D40="",E40=""),"",D40*60+E40)
C41: =IF(B41="","",IFERROR(INDEX(Listas!$E$2:$E$10,MATCH(B41,Listas!$D$2:$D$10,0)),"?")) | F41: =IF(AND(D41="",E41=""),"",D41*60+E41)
C42: =IF(B42="","",IFERROR(INDEX(Listas!$E$2:$E$10,MATCH(B42,Listas!$D$2:$D$10,0)),"?")) | F42: =IF(AND(D42="",E42=""),"",D42*60+E42)
C43: =IF(B43="","",IFERROR(INDEX(Listas!$E$2:$E$10,MATCH(B43,Listas!$D$2:$D$10,0)),"?")) | F43: =IF(AND(D43="",E43=""),"",D43*60+E43)
... C804: =IF(B804="","",IFERROR(INDEX(Listas!$E$2:$E$10,MATCH(B804,Listas!$D$2:$D$10,0)),"?")) | F804: =IF(AND(D804="",E804=""),"",D804*60+E804)

Sheet Final
A1: Perguntas do fim
A2: Uma linha por pessoa. A nota de 0 a 10 alimenta o NPS no Resumo.
A4: ID | B4: Grupo | C4: O mais fácil | D4: O mais difícil | E4: Palavras ou botões que não entendeu | F4: Usaria no dia a dia? Por quê | G4: Outras falas importantes | H4: Nota 0–10 (indicaria?) | I4: Confiaria no app sem internet? | J4: Por quê / faria o quê | K4: Pagaria por quais recursos | L4: Quanto pagaria por mês
A5: F1 | B5: Família
A6: F2 | B6: Família
A7: F3 | B7: Família
A8: F4 | B8: Família
A9: CU1 | B9: Cuidadora
A10: CU2 | B10: Cuidadora
A11: CU3 | B11: Cuidadora

Sheet Problemas
A1: Problemas encontrados
A2: Um problema por linha. Prioridade: problema do app visto por 2 ou mais pessoas vem primeiro.
A4: # | B4: Tarefa ou tela | C4: Grupo | D4: O que aconteceu | E4: Quantas pessoas | F4: Tipo | G4: Gravidade | H4: Prioridade | I4: Ideia de correção | J4: Responsável | K4: Status
A5: =IF(D5="","",ROW()-4) | H5: =IF(D5="","",IF(F5="Protótipo","Ajustar o protótipo",IF(AND(E5>=2,G5="Alta"),"Corrigir primeiro",IF(E5>=2,"Corrigir",IF(G5="Alta","Investigar","Observar")))))
A6: =IF(D6="","",ROW()-4) | H6: =IF(D6="","",IF(F6="Protótipo","Ajustar o protótipo",IF(AND(E6>=2,G6="Alta"),"Corrigir primeiro",IF(E6>=2,"Corrigir",IF(G6="Alta","Investigar","Observar")))))
A7: =IF(D7="","",ROW()-4) | H7: =IF(D7="","",IF(F7="Protótipo","Ajustar o protótipo",IF(AND(E7>=2,G7="Alta"),"Corrigir primeiro",IF(E7>=2,"Corrigir",IF(G7="Alta","Investigar","Observar")))))
A8: =IF(D8="","",ROW()-4) | H8: =IF(D8="","",IF(F8="Protótipo","Ajustar o protótipo",IF(AND(E8>=2,G8="Alta"),"Corrigir primeiro",IF(E8>=2,"Corrigir",IF(G8="Alta","Investigar","Observar")))))
A9: =IF(D9="","",ROW()-4) | H9: =IF(D9="","",IF(F9="Protótipo","Ajustar o protótipo",IF(AND(E9>=2,G9="Alta"),"Corrigir primeiro",IF(E9>=2,"Corrigir",IF(G9="Alta","Investigar","Observar")))))
A10: =IF(D10="","",ROW()-4) | H10: =IF(D10="","",IF(F10="Protótipo","Ajustar o protótipo",IF(AND(E10>=2,G10="Alta"),"Corrigir primeiro",IF(E10>=2,"Corrigir",IF(G10="Alta","Investigar","Observar")))))
A11: =IF(D11="","",ROW()-4) | H11: =IF(D11="","",IF(F11="Protótipo","Ajustar o protótipo",IF(AND(E11>=2,G11="Alta"),"Corrigir primeiro",IF(E11>=2,"Corrigir",IF(G11="Alta","Investigar","Observar")))))
A12: =IF(D12="","",ROW()-4) | H12: =IF(D12="","",IF(F12="Protótipo","Ajustar o protótipo",IF(AND(E12>=2,G12="Alta"),"Corrigir primeiro",IF(E12>=2,"Corrigir",IF(G12="Alta","Investigar","Observar")))))
A13: =IF(D13="","",ROW()-4) | H13: =IF(D13="","",IF(F13="Protótipo","Ajustar o protótipo",IF(AND(E13>=2,G13="Alta"),"Corrigir primeiro",IF(E13>=2,"Corrigir",IF(G13="Alta","Investigar","Observar")))))
A14: =IF(D14="","",ROW()-4) | H14: =IF(D14="","",IF(F14="Protótipo","Ajustar o protótipo",IF(AND(E14>=2,G14="Alta"),"Corrigir primeiro",IF(E14>=2,"Corrigir",IF(G14="Alta","Investigar","Observar")))))
A15: =IF(D15="","",ROW()-4) | H15: =IF(D15="","",IF(F15="Protótipo","Ajustar o protótipo",IF(AND(E15>=2,G15="Alta"),"Corrigir primeiro",IF(E15>=2,"Corrigir",IF(G15="Alta","Investigar","Observar")))))
A16: =IF(D16="","",ROW()-4) | H16: =IF(D16="","",IF(F16="Protótipo","Ajustar o protótipo",IF(AND(E16>=2,G16="Alta"),"Corrigir primeiro",IF(E16>=2,"Corrigir",IF(G16="Alta","Investigar","Observar")))))
... A64: =IF(D64="","",ROW()-4) | H64: =IF(D64="","",IF(F64="Protótipo","Ajustar o protótipo",IF(AND(E64>=2,G64="Alta"),"Corrigir primeiro",IF(E64>=2,"Corrigir",IF(G64="Alta","Investigar","Observar")))))
